{
    "R2 score": 0.9758043161406242,
    "mean absolute error": 1163.448584897803,
    "mean square error": 12472446.126384702
}