{
    "R2 score": 0.9099031138535916,
    "mean absolute error": 4500.712501541971,
    "mean square error": 46443347.71222648
}