{
    "R2 score": 0.9849177864359705,
    "mean absolute error": 1323.3357373421807,
    "mean square error": 7774613.7384371925
}