{
    "R2 score": 0.9765669107437134,
    "mean absolute error": 1983.694580078125,
    "mean square error": 12079342.0
}